Subject,Filename,Page,Rule ID,Type,Issue,Message,Suggestions,Context,Occurrences
Food-and-Nutrition,gcse-food-and-nutrition---delivery-guide.md,5,MORFOLOGIK_RULE_EN_GB,misspelling,prereleased,Possible spelling mistake found.,"prerelease, prereleases",...year. Centres can choose one of the two prereleased briefs they would like learners to comp...,6
Food-and-Nutrition,gcse-food-and-nutrition---delivery-guide.md,12,MORFOLOGIK_RULE_EN_GB,misspelling,wholewheat,Possible spelling mistake found.,whole wheat,... | (e) | Analyse the benefits of eating wholewheat pasta for a balanced diet. |  |  |  | |...,14
Food-and-Nutrition,gcse-food-and-nutrition---delivery-guide.md,12,MORFOLOGIK_RULE_EN_GB,misspelling,Wholewheat,Possible spelling mistake found.,Whole wheat,... Answers may refer to the following:  - Wholewheat pasta contains more fibre which helps t...,5
Food-and-Nutrition,gcse-food-and-nutrition---faqs.md,1,MORFOLOGIK_RULE_EN_GB,misspelling,socio-cultural,Possible spelling mistake found.,sociocultural,"...e economic, environmental, ethical, and socio-cultural influences on food availability and die...",4
Food-and-Nutrition,gcse-food-and-nutrition---guidance-for-teaching-unit-1.md,8,MORFOLOGIK_RULE_EN_GB,misspelling,soya,Possible spelling mistake found.,"soda, soy, sofa (+13 more)",...and repair and can be found in eggs and soya beans.' Progression will see learners q...,1
Food-and-Nutrition,gcse-food-and-nutrition---guidance-for-teaching-unit-1.md,18,MORFOLOGIK_RULE_EN_GB,misspelling,foodbank,Possible spelling mistake found.,food bank,...tant. - Visiting speaker from the local foodbank to discuss food poverty. - Investigate ...,1
Food-and-Nutrition,gcse-food-and-nutrition---guidance-for-teaching-unit-1.md,25,MORFOLOGIK_RULE_EN_GB,misspelling,e-coli,Possible spelling mistake found.,"EcoRI, Ecole, emboli (+1 more)","...a, including campylobacter, salmonella, e-coli, Staphylococcus Norovirus, listeria - t...",1
Food-and-Nutrition,gcse-food-and-nutrition---guidance-for-teaching-unit-1.md,27,MORFOLOGIK_RULE_EN_GB,misspelling,crosscurricular,Possible spelling mistake found.,cross curricular,...ers should be encouraged to apply their crosscurricular knowledge.  {28}-----------------------...,1
Food-and-Nutrition,gcse-food-and-nutrition---guidance-for-teaching-unit-1.md,48,MORFOLOGIK_RULE_EN_GB,misspelling,Spinabifida,Possible spelling mistake found.,Spina bifida,...g it easier for the body to digest. | | Spinabifida                           | A congenita...,1
Food-and-Nutrition,gcse-food-and-nutrition---guidance-for-teaching-unit-2.md,5,MORFOLOGIK_RULE_EN_GB,misspelling,ph,Possible spelling mistake found.,"pH, PH, Ph (+100 more)","...s could investigate how wheat, salt and ph. can influence the outcome of recipes b...",2
Food-and-Nutrition,gcse-food-and-nutrition---guidance-for-teaching-unit-2.md,5,MORFOLOGIK_RULE_EN_GB,misspelling,munsel,Possible spelling mistake found.,mussel,"...Vitamin C.</li><li>Learners could use a munsel chart as a resource, to measure the out...",1
Food-and-Nutrition,gcse-food-and-nutrition---guidance-for-teaching-unit-2.md,6,MORFOLOGIK_RULE_EN_GB,misspelling,lorraine,Possible spelling mistake found.,"Lorraine, Loraine, moraine (+4 more)","...when making an egg custard tart, quiche lorraine. Create charts of the cooking process, ...",1
Food-and-Nutrition,gcse-food-and-nutrition---guidance-for-teaching-unit-2.md,8,MORFOLOGIK_RULE_EN_GB,misspelling,- gelation,Possible spelling mistake found.,"-g elation, - relation, - gelatin (+3 more)",... and mechanical action - foam formation - gelation - gluten formation - Maillard reaction ...,2
Food-and-Nutrition,gcse-food-and-nutrition---guidance-for-teaching-unit-2.md,9,MORFOLOGIK_RULE_EN_GB,misspelling,roux,Possible spelling mistake found.,"Roux, roué, doux (+236 more)",...the thickening properties of flour in a roux sauce and gelatinisation making popcorn...,14
Food-and-Nutrition,gcse-food-and-nutrition---guidance-for-teaching-unit-2.md,11,MORFOLOGIK_RULE_EN_GB,misspelling,int,Possible spelling mistake found.,"INT, in, it (+1503 more)",...ould happen to the batter if it was put int the oven instead of fried? Explore pair...,1
Food-and-Nutrition,gcse-food-and-nutrition---guidance-for-teaching-unit-2.md,29,MORFOLOGIK_RULE_EN_GB,misspelling,gliadin,Possible spelling mistake found.,"gliding, Gladwin, Iliadic (+2 more)",...Gluten | Formed from two wheat proteins gliadin and glutenin in the presence of water. ...,1
Food-and-Nutrition,gcse-food-and-nutrition---guidance-for-teaching-unit-2.md,29,MORFOLOGIK_RULE_EN_GB,misspelling,glutenin,Possible spelling mistake found.,gluten in,...med from two wheat proteins gliadin and glutenin in the presence of water. Gluten is dev...,1
Food-and-Nutrition,gcse-food-and-nutrition---guidance-for-teaching-unit-3.md,7,MORFOLOGIK_RULE_EN_GB,misspelling,Qur,Possible spelling mistake found.,"Our, Fur, EUR (+20 more)",...cording to Islamic law as stated in the Qur 'an. Muslims will also fast between sun...,1
Food-and-Nutrition,gcse-food-and-nutrition---guidance-for-teaching-unit-3.md,8,MORFOLOGIK_RULE_EN_GB,misspelling,Socio,Possible spelling mistake found.,Socko,...preservation listed in Section 1.5.3. - Socio -economic influences:   - A person's in...,1
Food-and-Nutrition,gcse-food-and-nutrition---guidance-for-teaching-unit-3.md,11,MORFOLOGIK_RULE_EN_GB,misspelling,lasagne,Possible spelling mistake found.,lasagna,"... standard recipe for a cheesecake and a lasagne, and the learners would need to adapt t...",1
Food-and-Nutrition,gcse-food-and-nutrition---guidance-for-teaching-unit-3.md,18,MORFOLOGIK_RULE_EN_GB,misspelling,carne,Possible spelling mistake found.,"care, cane, crane (+15 more)",... | Sauteing ** Boiling * | | Chilli con carne with rice | Meat sauce: Knife skills – ...,2
Food-and-Nutrition,gcse-food-and-nutrition---guidance-for-teaching-unit-3.md,19,MORFOLOGIK_RULE_EN_GB,misspelling,sucree,Possible spelling mistake found.,"scree, Sucre",...pberry compote | Shortcrust pastry/pate sucree: Rubbing-in. Mixing. Forming dough of c...,5
Food-and-Nutrition,gcse-food-and-nutrition---guidance-for-teaching-unit-3.md,20,MORFOLOGIK_RULE_EN_GB,misspelling,classroombased,Possible spelling mistake found.,classroom based,... the dish. This could be completed as a classroombased exercise or be set as a homework task. ...,1
Food-and-Nutrition,gcse-food-and-nutrition---guidance-for-teaching-unit-3.md,20,MORFOLOGIK_RULE_EN_GB,misspelling,bakewell,Possible spelling mistake found.,bake well,...ht food items (e.g. a teacake or cherry bakewell) and spend the lesson using garnishing ...,1
Food-and-Nutrition,gcse-food-and-nutrition---guidance-for-teaching-unit-3.md,33,MORFOLOGIK_RULE_EN_GB,misspelling,esearch,Possible spelling mistake found.,"research, search","...ers because it will enable them to** r**esearch, analyse, and present information effec...",1
Food-and-Nutrition,gcse-food-and-nutrition---guidance-for-teaching-unit-3.md,35,MORFOLOGIK_RULE_EN_GB,misspelling,glutenfree,Possible spelling mistake found.,"gluten-free, gluten free","...to meet specific dietary needs, such as glutenfree, vegan, or low-sugar diets. By thinking...",1
Food-and-Nutrition,gcse-food-and-nutrition---guidance-for-teaching-unit-3.md,38,MORFOLOGIK_RULE_EN_GB,misspelling,haemoglobin,Possible spelling mistake found.,hemoglobin,...lacks enough healthy red blood cells or haemoglobin. | | Bacteria | Microscopic single cell...,1
Food-and-Nutrition,gcse-food-and-nutrition---option-evening-flyer.md,0,MORFOLOGIK_RULE_EN_GB,misspelling,GCSF,Possible spelling mistake found.,"GCSE, CSF, UCSF (+8 more)",...-------------------------  # WHY CHOOSE GCSF  # FOOD AND NUTRITION  ![](_page_0_Pict...,1
Food-and-Nutrition,gcse-food-and-nutrition---unit-1-principles-of-food-and-nutrition.md,5,MORFOLOGIK_RULE_EN_GB,misspelling,twostage,Possible spelling mistake found.,"two-stage, two stage",... can then be applied. This is done as a twostage process.  #### **Stage 1 – Deciding on ...,1
Food-and-Nutrition,gcse-food-and-nutrition---unit-1-principles-of-food-and-nutrition.md,17,MORFOLOGIK_RULE_EN_GB,misspelling,tikka,Possible spelling mistake found.,Tikki,... State the amount of fat in the chicken tikka masala and basmati rice meal. |  |  |  ...,3
Food-and-Nutrition,gcse-food-and-nutrition---unit-1-principles-of-food-and-nutrition.md,19,MORFOLOGIK_RULE_EN_GB,misspelling,flavor,Possible spelling mistake. ‘flavor’ is American English.,flavour,...rtain vitamins to be absorbed. Develops flavor – enhancing aroma and texture. To preve...,1
Food-and-Nutrition,gcse-food-and-nutrition---unit-1-principles-of-food-and-nutrition.md,28,MORFOLOGIK_RULE_EN_GB,misspelling,sti,Possible spelling mistake found.,"STI, St, sit (+1494 more)",...---|-------------|-----------| |  | n o sti |  |  |  |  |  |  |  |  |  |  | Topic a...,1
Food-and-Nutrition,gcse-food-and-nutrition---unit-1-principles-of-food-and-nutrition.md,28,MORFOLOGIK_RULE_EN_GB,misspelling,otal,Possible spelling mistake found.,"total, oral, oval (+9 more)",.... 1. | 3 6. 1. | O1 A | 2 O A | 3 O A | otal T | | 1           | a             |    ...,1
Food-and-Nutrition,gcse-food-and-nutrition---unit-1-principles-of-food-and-nutrition.md,31,MORFOLOGIK_RULE_EN_GB,misspelling,SecureClient,Possible spelling mistake found.,Secure Client,...ass software. An application named WJEC SecureClient will need to be installed on candidate'...,1
Food-and-Nutrition,gcse-food-and-nutrition---unit-2-food-investigation.md,28,MORFOLOGIK_RULE_EN_GB,misspelling,noneditable,Possible spelling mistake found.,,"...rence and authentication purposes, in a noneditable format (such as a screenshot) and provi...",4
Food-and-Nutrition,gcse-food-and-nutrition---unit-2-food-investigation.md,28,MORFOLOGIK_RULE_EN_GB,misspelling,AIgenerated,Possible spelling mistake found.,AI generated,"...ssessor is able to review the work, the AIgenerated content and how it has been used.",4
Food-and-Nutrition,gcse-food-and-nutrition---unit-3-food-and-nutrition-in-action.md,10,MORFOLOGIK_RULE_EN_GB,misspelling,trialing,Possible spelling mistake. ‘trialing’ is American English.,trialling,"... work should show evidence of research, trialing of dishes, selection of dishes, justifi...",8
Food-and-Nutrition,gcse-food-and-nutrition---unit-3-food-and-nutrition-in-action.md,31,MORFOLOGIK_RULE_EN_GB,misspelling,skillfully,Possible spelling mistake. ‘skillfully’ is American English.,skilfully,...  |  |  |  | |  | <ul><li>Garnishes are skillfully produced</li><li>Food styling has been ...,4
Food-and-Nutrition,gcse-food-and-nutrition---unit-3-food-and-nutrition-in-action.md,31,MORFOLOGIK_RULE_EN_GB,misspelling,colors,Possible spelling mistake. ‘colors’ is American English.,colours,... | | Band 2 | <ul><li>A good variety of colors may be evident within the food outcomes...,2
Food-and-Nutrition,gcse-food-and-nutrition---unit-3-food-and-nutrition-in-action.md,36,MORFOLOGIK_RULE_EN_GB,misspelling,chiffonade,Possible spelling mistake found.,"chiffon, chiffonier, chiffons",...<li>bâton**</li><li>brunoise***</li><li>chiffonade**</li><li>chopping*</li><li>deboning***...,4
Food-and-Nutrition,gcse-food-and-nutrition---unit-3-food-and-nutrition-in-action.md,36,MORFOLOGIK_RULE_EN_GB,misspelling,deseeding,Possible spelling mistake found.,reseeding,...i>chopping*</li><li>deboning***</li><li>deseeding**</li><li>dicing**</li><li>filleting***...,4
Food-and-Nutrition,gcse-food-and-nutrition---unit-3-food-and-nutrition-in-action.md,36,MORFOLOGIK_RULE_EN_GB,misspelling,spatchcock,Possible spelling mistake found.,"Hitchcock, patchwork, matchlock (+2 more)",...segmenting***</li><li>slicing**</li><li>spatchcock**</li><li>trimming*</li></ul> | <ul><li...,4
Food-and-Nutrition,gcse-food-and-nutrition---unit-3-food-and-nutrition-in-action.md,36,MORFOLOGIK_RULE_EN_GB,misspelling,deglazing,Possible spelling mistake found.,deg lazing,...ing*</li><li>deep fat frying***</li><li>deglazing**</li><li>dehydrating*</li><li>emulsify...,3
Food-and-Nutrition,gcse-food-and-nutrition---unit-3-food-and-nutrition-in-action.md,36,MORFOLOGIK_RULE_EN_GB,misspelling,griddling,Possible spelling mistake found.,"riddling, gridding, g riddling",...><li>freezing*</li><li>frying**</li><li>griddling**</li><li>grilling*</li><li>pickling**<...,5
Food-and-Nutrition,overview-of-consultation-findings.md,1,MORFOLOGIK_RULE_EN_GB,misspelling,Exper,Possible spelling mistake found.,"Expert, Expel, Esper",... and Communication Area of Learning and Exper | ience .15 | | Level 2 Award in Additi...,1
Food-and-Nutrition,overview-of-consultation-findings.md,1,MORFOLOGIK_RULE_EN_GB,misspelling,ience,Possible spelling mistake found.,"hence, fence, pence (+1 more)",...munication Area of Learning and Exper | ience .15 | | Level 2 Award in Additional Cor...,1
Food-and-Nutrition,overview-of-consultation-findings.md,2,MORFOLOGIK_RULE_EN_GB,misspelling,made-for-wales-gcses,Possible spelling mistake found.,made-for-wales-GCSEs,...form/reforming/qualified-for-the-future/made-for-wales-gcses/#approval-criteria\)](https://qualifica...,1
Food-and-Nutrition,overview-of-consultation-findings.md,4,MORFOLOGIK_RULE_EN_GB,misspelling,maximalise,Possible spelling mistake found.,"maximalist, maximalism","...ather than coursework or mini-tests, to maximalise equity. This group felt that controls s...",1
Food-and-Nutrition,resources-for-new-gcse.md,0,MORFOLOGIK_RULE_EN_GB,misspelling,Yn,Possible spelling mistake found.,"In, On, An (+49 more)",...e_0.jpeg)  ![](_page_0_Picture_1.jpeg)  Yn arbennig i Gymru. Yn barod i'r byd.  Ma...,16
Food-and-Nutrition,resources-for-new-gcse.md,0,MORFOLOGIK_RULE_EN_GB,misspelling,arbennig,Possible spelling mistake found.,"Armenia, gardening, arsenic (+17 more)",....jpeg)  ![](_page_0_Picture_1.jpeg)  Yn arbennig i Gymru. Yn barod i'r byd.  Made for Wa...,8
Food-and-Nutrition,resources-for-new-gcse.md,0,MORFOLOGIK_RULE_EN_GB,misspelling,barod,Possible spelling mistake found.,"baron, bard, Baroda (+4 more)",...icture_1.jpeg)  Yn arbennig i Gymru. Yn barod i'r byd.  Made for Wales. Ready for the...,6
Food-and-Nutrition,resources-for-new-gcse.md,0,MORFOLOGIK_RULE_EN_GB,misspelling,byd,Possible spelling mistake found.,"BYD, by, bye (+1297 more)",...peg)  Yn arbennig i Gymru. Yn barod i'r byd.  Made for Wales. Ready for the world. ...,8
Food-and-Nutrition,resources-for-new-gcse.md,1,MORFOLOGIK_RULE_EN_GB,misspelling,Bwyd,Possible spelling mistake found.,"Boyd, BWD, BWY (+1 more)",...--------------------  TGAU GCSE  # TGAU Bwyd a Maeth GCSE Food & Nutrition  ![](_pag...,7
Food-and-Nutrition,resources-for-new-gcse.md,1,MORFOLOGIK_RULE_EN_GB,misspelling,Maeth,Possible spelling mistake found.,"Meath, Meth",...-------------  TGAU GCSE  # TGAU Bwyd a Maeth GCSE Food & Nutrition  ![](_page_1_Pict...,3
Food-and-Nutrition,resources-for-new-gcse.md,1,MORFOLOGIK_RULE_EN_GB,misspelling,ADNODDAU,Possible spelling mistake found.,"NORDAU, ADENOIDAL, ANODAL (+1 more)",...rition  ![](_page_1_Picture_2.jpeg)  ## ADNODDAU/ RESOURCES  ![](_page_1_Picture_4.jpeg)...,1
Food-and-Nutrition,resources-for-new-gcse.md,2,MORFOLOGIK_RULE_EN_GB,misspelling,UNED,Possible spelling mistake found.,"USED, TUNED, UNWED (+8 more)",...-----------------------------------  ## UNED 1/UNIT 1  ![](_page_2_Picture_2.jpeg)  ...,1
Food-and-Nutrition,resources-for-new-gcse.md,2,MORFOLOGIK_RULE_EN_GB,misspelling,Uned,Possible spelling mistake found.,"Used, Tuned, Unwed (+9 more)",...d spoilage - 1.6 From field to fork  ## Uned 1  - 1.1 Grwpiau cynwyddau bwyd - 1.2 M...,3
Food-and-Nutrition,resources-for-new-gcse.md,2,MORFOLOGIK_RULE_EN_GB,misspelling,Grwpiau,Possible spelling mistake found.,"Rupiah, Gratian, Grecian (+12 more)",....6 From field to fork  ## Uned 1  - 1.1 Grwpiau cynwyddau bwyd - 1.2 Maetholion ar gyfe...,2
Food-and-Nutrition,resources-for-new-gcse.md,2,MORFOLOGIK_RULE_EN_GB,misspelling,cynwyddau,Possible spelling mistake found.,,...field to fork  ## Uned 1  - 1.1 Grwpiau cynwyddau bwyd - 1.2 Maetholion ar gyfer deiet cy...,2
Food-and-Nutrition,resources-for-new-gcse.md,2,MORFOLOGIK_RULE_EN_GB,misspelling,bwyd,Possible spelling mistake found.,"Boyd, BWD, BWY (+1 more)",...ork  ## Uned 1  - 1.1 Grwpiau cynwyddau bwyd - 1.2 Maetholion ar gyfer deiet cytbwys...,16
Food-and-Nutrition,resources-for-new-gcse.md,2,MORFOLOGIK_RULE_EN_GB,misspelling,Maetholion,Possible spelling mistake found.,Aetolian,...d 1  - 1.1 Grwpiau cynwyddau bwyd - 1.2 Maetholion ar gyfer deiet cytbwys - 1.3 Deiet ac i...,2
Food-and-Nutrition,resources-for-new-gcse.md,2,MORFOLOGIK_RULE_EN_GB,misspelling,ar,Possible spelling mistake found.,"AR, Ar, a (+176 more)",...Grwpiau cynwyddau bwyd - 1.2 Maetholion ar gyfer deiet cytbwys - 1.3 Deiet ac iech...,6
Food-and-Nutrition,resources-for-new-gcse.md,2,MORFOLOGIK_RULE_EN_GB,misspelling,gyfer,Possible spelling mistake found.,gofer,...piau cynwyddau bwyd - 1.2 Maetholion ar gyfer deiet cytbwys - 1.3 Deiet ac iechyd - 1...,3
Food-and-Nutrition,resources-for-new-gcse.md,2,MORFOLOGIK_RULE_EN_GB,misspelling,deiet,Possible spelling mistake found.,"diet, deist, DEET",...ynwyddau bwyd - 1.2 Maetholion ar gyfer deiet cytbwys - 1.3 Deiet ac iechyd - 1.4 Cog...,3
Food-and-Nutrition,resources-for-new-gcse.md,2,MORFOLOGIK_RULE_EN_GB,misspelling,cytbwys,Possible spelling mistake found.,"cymbals, cowboys, cutaways (+1 more)",...au bwyd - 1.2 Maetholion ar gyfer deiet cytbwys - 1.3 Deiet ac iechyd - 1.4 Coginio bwy...,2
Food-and-Nutrition,resources-for-new-gcse.md,2,MORFOLOGIK_RULE_EN_GB,misspelling,Deiet,Possible spelling mistake found.,"Diet, Deist, DEET",...Maetholion ar gyfer deiet cytbwys - 1.3 Deiet ac iechyd - 1.4 Coginio bwyd - 1.5 Diry...,2
Food-and-Nutrition,resources-for-new-gcse.md,2,MORFOLOGIK_RULE_EN_GB,misspelling,ac,Possible spelling mistake found.,"AC, Ac, a (+167 more)",...lion ar gyfer deiet cytbwys - 1.3 Deiet ac iechyd - 1.4 Coginio bwyd - 1.5 Dirywia...,4
Food-and-Nutrition,resources-for-new-gcse.md,2,MORFOLOGIK_RULE_EN_GB,misspelling,iechyd,Possible spelling mistake found.,"inked, irked, itchy (+6 more)",...n ar gyfer deiet cytbwys - 1.3 Deiet ac iechyd - 1.4 Coginio bwyd - 1.5 Dirywiad bwyd ...,1
Food-and-Nutrition,resources-for-new-gcse.md,2,MORFOLOGIK_RULE_EN_GB,misspelling,Coginio,Possible spelling mistake found.,"Yogini, Yoginis",...iet cytbwys - 1.3 Deiet ac iechyd - 1.4 Coginio bwyd - 1.5 Dirywiad bwyd - 1.6 O'r ffer...,3
Food-and-Nutrition,resources-for-new-gcse.md,2,MORFOLOGIK_RULE_EN_GB,misspelling,Dirywiad,Possible spelling mistake found.,"Dryad, Dirtied, Dairymaid",...eiet ac iechyd - 1.4 Coginio bwyd - 1.5 Dirywiad bwyd - 1.6 O'r fferm i'r fforc  {3}----...,2
Food-and-Nutrition,resources-for-new-gcse.md,2,MORFOLOGIK_RULE_EN_GB,misspelling,fferm,Possible spelling mistake found.,ff erm,...inio bwyd - 1.5 Dirywiad bwyd - 1.6 O'r fferm i'r fforc  {3}-------------------------...,2
Food-and-Nutrition,resources-for-new-gcse.md,2,MORFOLOGIK_RULE_EN_GB,misspelling,fforc,Possible spelling mistake found.,ff orc,...- 1.5 Dirywiad bwyd - 1.6 O'r fferm i'r fforc  {3}-----------------------------------...,2
Food-and-Nutrition,resources-for-new-gcse.md,3,MORFOLOGIK_RULE_EN_GB,misspelling,eu,Possible spelling mistake found.,"EU, Eu, ex (+94 more)",...roups  ![](_page_3_Picture_2.jpeg)  Heb eu ardystio gan CBAC ond efallai yn ddefny...,8
Food-and-Nutrition,resources-for-new-gcse.md,3,MORFOLOGIK_RULE_EN_GB,misspelling,ardystio,Possible spelling mistake found.,"artistic, Ariosto, Andy Timo",...ps  ![](_page_3_Picture_2.jpeg)  Heb eu ardystio gan CBAC ond efallai yn ddefnyddiol. No...,8
Food-and-Nutrition,resources-for-new-gcse.md,3,MORFOLOGIK_RULE_EN_GB,misspelling,gan,Possible spelling mistake found.,"an, can, man (+78 more)",...page_3_Picture_2.jpeg)  Heb eu ardystio gan CBAC ond efallai yn ddefnyddiol. Not en...,8
Food-and-Nutrition,resources-for-new-gcse.md,3,MORFOLOGIK_RULE_EN_GB,misspelling,ond,Possible spelling mistake found.,"OND, and, on (+1315 more)",...cture_2.jpeg)  Heb eu ardystio gan CBAC ond efallai yn ddefnyddiol. Not endorsed by...,8
Food-and-Nutrition,resources-for-new-gcse.md,3,MORFOLOGIK_RULE_EN_GB,misspelling,efallai,Possible spelling mistake found.,Falla,...e_2.jpeg)  Heb eu ardystio gan CBAC ond efallai yn ddefnyddiol. Not endorsed by WJEC bu...,8
Food-and-Nutrition,resources-for-new-gcse.md,3,MORFOLOGIK_RULE_EN_GB,misspelling,yn,Possible spelling mistake found.,"in, on, an (+53 more)",...)  Heb eu ardystio gan CBAC ond efallai yn ddefnyddiol. Not endorsed by WJEC but m...,10
Food-and-Nutrition,resources-for-new-gcse.md,3,MORFOLOGIK_RULE_EN_GB,misspelling,ddefnyddiol,Possible spelling mistake found.,,...Heb eu ardystio gan CBAC ond efallai yn ddefnyddiol. Not endorsed by WJEC but may be useful...,8
Food-and-Nutrition,resources-for-new-gcse.md,3,MORFOLOGIK_RULE_EN_GB,misspelling,Bwydydd,Possible spelling mistake found.,Gwynedd,"...es-14-16-years/) Food A Fact Of Life  - Bwydydd carbohydrad, fel ffibr, startsh a siwgr...",3
Food-and-Nutrition,resources-for-new-gcse.md,3,MORFOLOGIK_RULE_EN_GB,misspelling,carbohydrad,Possible spelling mistake found.,"carbohydrate, carbohydrase","...-years/) Food A Fact Of Life  - Bwydydd carbohydrad, fel ffibr, startsh a siwgr - Bwydydd l...",1
Food-and-Nutrition,resources-for-new-gcse.md,3,MORFOLOGIK_RULE_EN_GB,misspelling,fel,Possible spelling mistake found.,"few, fell, del (+50 more)","... A Fact Of Life  - Bwydydd carbohydrad, fel ffibr, startsh a siwgr - Bwydydd llaeth...",2
Food-and-Nutrition,resources-for-new-gcse.md,3,MORFOLOGIK_RULE_EN_GB,misspelling,ffibr,Possible spelling mistake found.,"fair, fibre, FIBA (+21 more)","...act Of Life  - Bwydydd carbohydrad, fel ffibr, startsh a siwgr - Bwydydd llaeth a dew...",2
Food-and-Nutrition,resources-for-new-gcse.md,3,MORFOLOGIK_RULE_EN_GB,misspelling,startsh,Possible spelling mistake found.,starts,"...Life  - Bwydydd carbohydrad, fel ffibr, startsh a siwgr - Bwydydd llaeth a dewisiadau e...",1
Food-and-Nutrition,resources-for-new-gcse.md,3,MORFOLOGIK_RULE_EN_GB,misspelling,siwgr,Possible spelling mistake found.,"singer, sign, siege (+27 more)","...ydydd carbohydrad, fel ffibr, startsh a siwgr - Bwydydd llaeth a dewisiadau eraill - ...",1
Food-and-Nutrition,resources-for-new-gcse.md,3,MORFOLOGIK_RULE_EN_GB,misspelling,llaeth,Possible spelling mistake found.,"Plath, lath, loath (+1 more)","...d, fel ffibr, startsh a siwgr - Bwydydd llaeth a dewisiadau eraill - Brasterau ac olew...",1
Food-and-Nutrition,resources-for-new-gcse.md,3,MORFOLOGIK_RULE_EN_GB,misspelling,dewisiadau,Possible spelling mistake found.,,"...ibr, startsh a siwgr - Bwydydd llaeth a dewisiadau eraill - Brasterau ac olewau - Bwydydd ...",1
Food-and-Nutrition,resources-for-new-gcse.md,3,MORFOLOGIK_RULE_EN_GB,misspelling,eraill,Possible spelling mistake found.,era ill,...h a siwgr - Bwydydd llaeth a dewisiadau eraill - Brasterau ac olewau - Bwydydd protein...,1
Food-and-Nutrition,resources-for-new-gcse.md,3,MORFOLOGIK_RULE_EN_GB,misspelling,Brasterau,Possible spelling mistake found.,"Raster, Blaster, Blasters (+12 more)","... - Bwydydd llaeth a dewisiadau eraill - Brasterau ac olewau - Bwydydd protein fel wyau, p...",1
Food-and-Nutrition,resources-for-new-gcse.md,3,MORFOLOGIK_RULE_EN_GB,misspelling,olewau,Possible spelling mistake found.,"lead, clear, legal (+145 more)","...aeth a dewisiadau eraill - Brasterau ac olewau - Bwydydd protein fel wyau, pysgod a ch...",1
Food-and-Nutrition,resources-for-new-gcse.md,3,MORFOLOGIK_RULE_EN_GB,misspelling,wyau,Possible spelling mistake found.,WYA,"...asterau ac olewau - Bwydydd protein fel wyau, pysgod a chig - Ffrwythau a llysiau  -...",1
Food-and-Nutrition,resources-for-new-gcse.md,3,MORFOLOGIK_RULE_EN_GB,misspelling,pysgod,Possible spelling mistake found.,"period, passed, God (+80 more)","...u ac olewau - Bwydydd protein fel wyau, pysgod a chig - Ffrwythau a llysiau  - Carbohy...",1
Food-and-Nutrition,resources-for-new-gcse.md,3,MORFOLOGIK_RULE_EN_GB,misspelling,chig,Possible spelling mistake found.,"king, kg, chip (+24 more)","...au - Bwydydd protein fel wyau, pysgod a chig - Ffrwythau a llysiau  - Carbohydrate f...",1
Food-and-Nutrition,resources-for-new-gcse.md,3,MORFOLOGIK_RULE_EN_GB,misspelling,Ffrwythau,Possible spelling mistake found.,,"...ydydd protein fel wyau, pysgod a chig - Ffrwythau a llysiau  - Carbohydrate foods, such a...",1
Food-and-Nutrition,resources-for-new-gcse.md,3,MORFOLOGIK_RULE_EN_GB,misspelling,llysiau,Possible spelling mistake found.,"elysian, Elysian, Lysias","...n fel wyau, pysgod a chig - Ffrwythau a llysiau  - Carbohydrate foods, such as fibre, s...",1
Food-and-Nutrition,resources-for-new-gcse.md,3,MORFOLOGIK_RULE_EN_GB,misspelling,NFU,Possible spelling mistake found.,"NFL, NFC, NU (+25 more)",...o](https://www.egginfo.co.uk/)  Home - [NFU Education \(nfuonline.com\)](https://ed...,2
Food-and-Nutrition,resources-for-new-gcse.md,3,MORFOLOGIK_RULE_EN_GB,misspelling,Quorn,Possible spelling mistake found.,"Quern, Quoin, Quora","...an Products, Meat Free Recipes & News | Quorn](https://www.quorn.co.uk/)  [The Vegeta...",1
Food-and-Nutrition,resources-for-new-gcse.md,4,MORFOLOGIK_RULE_EN_GB,misspelling,Macrofaetholion,Possible spelling mistake found.,,...iet  ![](_page_4_Picture_2.jpeg)  ### • Macrofaetholion  - Microfaetholion - Dŵr a ffibr - Macr...,1
Food-and-Nutrition,resources-for-new-gcse.md,4,MORFOLOGIK_RULE_EN_GB,misspelling,Microfaetholion,Possible spelling mistake found.,,...cture_2.jpeg)  ### • Macrofaetholion  - Microfaetholion - Dŵr a ffibr - Macronutrients - Micron...,1
Food-and-Nutrition,resources-for-new-gcse.md,4,MORFOLOGIK_RULE_EN_GB,misspelling,Dŵr,Possible spelling mistake found.,"Dr, DDR, DLR (+28 more)",... • Macrofaetholion  - Microfaetholion - Dŵr a ffibr - Macronutrients - Micronutrien...,1
Food-and-Nutrition,resources-for-new-gcse.md,4,MORFOLOGIK_RULE_EN_GB,misspelling,Adnoddau,Possible spelling mistake found.,"Nordau, Adenoidal, Anodal (+1 more)",... - Micronutrients - Water & Fibre  #### Adnoddau CBAC/WJEC Resources  [https://resource....,6
Food-and-Nutrition,resources-for-new-gcse.md,5,MORFOLOGIK_RULE_EN_GB,misspelling,Iechyd,Possible spelling mistake found.,"Inked, Irked, Itchy (+6 more)",...----------------------  ## 1.3 Deiet ac Iechyd/Diet and Health  ![](_page_5_Picture_2....,1
Food-and-Nutrition,resources-for-new-gcse.md,5,MORFOLOGIK_RULE_EN_GB,misspelling,Sut,Possible spelling mistake found.,"But, Out, Set (+61 more)",... Health  ![](_page_5_Picture_2.jpeg)  - Sut mae anghenion maeth yn newid dros gamau...,1
Food-and-Nutrition,resources-for-new-gcse.md,5,MORFOLOGIK_RULE_EN_GB,misspelling,mae,Possible spelling mistake found.,"make, MAE, may (+1981 more)",...lth  ![](_page_5_Picture_2.jpeg)  - Sut mae anghenion maeth yn newid dros gamau byw...,1
Food-and-Nutrition,resources-for-new-gcse.md,5,MORFOLOGIK_RULE_EN_GB,misspelling,anghenion,Possible spelling mistake found.,"infection, inferior, affection (+11 more)",... ![](_page_5_Picture_2.jpeg)  - Sut mae anghenion maeth yn newid dros gamau bywyd. - Angh...,2
Food-and-Nutrition,resources-for-new-gcse.md,5,MORFOLOGIK_RULE_EN_GB,misspelling,maeth,Possible spelling mistake found.,"Meath, meth",..._5_Picture_2.jpeg)  - Sut mae anghenion maeth yn newid dros gamau bywyd. - Anghenion ...,2
Food-and-Nutrition,resources-for-new-gcse.md,5,MORFOLOGIK_RULE_EN_GB,misspelling,newid,Possible spelling mistake found.,new id,...e_2.jpeg)  - Sut mae anghenion maeth yn newid dros gamau bywyd. - Anghenion maeth uni...,1
Food-and-Nutrition,resources-for-new-gcse.md,5,MORFOLOGIK_RULE_EN_GB,misspelling,gamau,Possible spelling mistake found.,"Gama, Gamay",...- Sut mae anghenion maeth yn newid dros gamau bywyd. - Anghenion maeth unigolion ag a...,1
Food-and-Nutrition,resources-for-new-gcse.md,5,MORFOLOGIK_RULE_EN_GB,misspelling,bywyd,Possible spelling mistake found.,"Boyd, Byrd, bowed (+12 more)",...mae anghenion maeth yn newid dros gamau bywyd. - Anghenion maeth unigolion ag angheni...,1
Food-and-Nutrition,resources-for-new-gcse.md,5,MORFOLOGIK_RULE_EN_GB,misspelling,Anghenion,Possible spelling mistake found.,"Infection, Inferior, Affection (+11 more)",...nion maeth yn newid dros gamau bywyd. - Anghenion maeth unigolion ag anghenion dietegol n...,1
Food-and-Nutrition,resources-for-new-gcse.md,5,MORFOLOGIK_RULE_EN_GB,misspelling,unigolion,Possible spelling mistake found.,"Univision, Nicolson, ungolden",...wid dros gamau bywyd. - Anghenion maeth unigolion ag anghenion dietegol neu ddiffygion pe...,1
Food-and-Nutrition,resources-for-new-gcse.md,5,MORFOLOGIK_RULE_EN_GB,misspelling,ag,Possible spelling mistake found.,"AG, Ag, a (+166 more)",...amau bywyd. - Anghenion maeth unigolion ag anghenion dietegol neu ddiffygion penod...,1
Food-and-Nutrition,resources-for-new-gcse.md,5,MORFOLOGIK_RULE_EN_GB,misspelling,dietegol,Possible spelling mistake found.,"diesel, Diego, dieters (+7 more)",... Anghenion maeth unigolion ag anghenion dietegol neu ddiffygion penodol. - Tueddiadau pr...,1
Food-and-Nutrition,resources-for-new-gcse.md,5,MORFOLOGIK_RULE_EN_GB,misspelling,neu,Possible spelling mistake found.,"new, EU, net (+41 more)",...n maeth unigolion ag anghenion dietegol neu ddiffygion penodol. - Tueddiadau presen...,1
Food-and-Nutrition,resources-for-new-gcse.md,5,MORFOLOGIK_RULE_EN_GB,misspelling,ddiffygion,Possible spelling mistake found.,diffusion,...eth unigolion ag anghenion dietegol neu ddiffygion penodol. - Tueddiadau presennol sy'n ym...,1
Food-and-Nutrition,resources-for-new-gcse.md,5,MORFOLOGIK_RULE_EN_GB,misspelling,penodol,Possible spelling mistake found.,"pool, pension, pedal (+52 more)",...on ag anghenion dietegol neu ddiffygion penodol. - Tueddiadau presennol sy'n ymwneud â ...,1
Food-and-Nutrition,resources-for-new-gcse.md,5,MORFOLOGIK_RULE_EN_GB,misspelling,Tueddiadau,Possible spelling mistake found.,,...nion dietegol neu ddiffygion penodol. - Tueddiadau presennol sy'n ymwneud â materion deiet...,1
Food-and-Nutrition,resources-for-new-gcse.md,5,MORFOLOGIK_RULE_EN_GB,misspelling,presennol,Possible spelling mistake found.,"present, presence, presented (+13 more)",...ol neu ddiffygion penodol. - Tueddiadau presennol sy'n ymwneud â materion deiet yng Nghym...,1
Food-and-Nutrition,resources-for-new-gcse.md,5,MORFOLOGIK_RULE_EN_GB,misspelling,sy,Possible spelling mistake found.,"SY, by, my (+82 more)",...ffygion penodol. - Tueddiadau presennol sy'n ymwneud â materion deiet yng Nghymru ...,2
Food-and-Nutrition,resources-for-new-gcse.md,5,MORFOLOGIK_RULE_EN_GB,misspelling,ymwneud,Possible spelling mistake found.,yawned,...on penodol. - Tueddiadau presennol sy'n ymwneud â materion deiet yng Nghymru  - How nut...,1
Food-and-Nutrition,resources-for-new-gcse.md,5,MORFOLOGIK_RULE_EN_GB,misspelling,materion,Possible spelling mistake found.,,.... - Tueddiadau presennol sy'n ymwneud â materion deiet yng Nghymru  - How nutritional ne...,1
Food-and-Nutrition,resources-for-new-gcse.md,5,MORFOLOGIK_RULE_EN_GB,misspelling,yng,Possible spelling mistake found.,"CNG, LNG, PNG (+23 more)",...presennol sy'n ymwneud â materion deiet yng Nghymru  - How nutritional needs change...,1
Food-and-Nutrition,resources-for-new-gcse.md,5,MORFOLOGIK_RULE_EN_GB,misspelling,Nghymru,Possible spelling mistake found.,"Nehru, Cymru",...ennol sy'n ymwneud â materion deiet yng Nghymru  - How nutritional needs change over th...,1
Food-and-Nutrition,resources-for-new-gcse.md,6,MORFOLOGIK_RULE_EN_GB,misspelling,rydym,Possible spelling mistake found.,"Ryder, Rudy, Radom (+2 more)",...ood  ![](_page_6_Picture_2.jpeg)  - Pam rydym yn coginio bwyd. - Dulliau trosglwyddo ...,1
Food-and-Nutrition,resources-for-new-gcse.md,6,MORFOLOGIK_RULE_EN_GB,misspelling,coginio,Possible spelling mistake found.,"yogini, yoginis",..._page_6_Picture_2.jpeg)  - Pam rydym yn coginio bwyd. - Dulliau trosglwyddo gwres. - Du...,3
Food-and-Nutrition,resources-for-new-gcse.md,6,MORFOLOGIK_RULE_EN_GB,misspelling,Dulliau,Possible spelling mistake found.,"Dulling, Dullish",...2.jpeg)  - Pam rydym yn coginio bwyd. - Dulliau trosglwyddo gwres. - Dulliau coginio.  ...,2
Food-and-Nutrition,resources-for-new-gcse.md,6,MORFOLOGIK_RULE_EN_GB,misspelling,trosglwyddo,Possible spelling mistake found.,,... - Pam rydym yn coginio bwyd. - Dulliau trosglwyddo gwres. - Dulliau coginio.  - Why we coo...,1
Food-and-Nutrition,resources-for-new-gcse.md,6,MORFOLOGIK_RULE_EN_GB,misspelling,gwres,Possible spelling mistake found.,"gores, gyres",... yn coginio bwyd. - Dulliau trosglwyddo gwres. - Dulliau coginio.  - Why we cook food...,1
Food-and-Nutrition,resources-for-new-gcse.md,7,MORFOLOGIK_RULE_EN_GB,misspelling,Storio,Possible spelling mistake found.,"Story, Stories, Studio (+34 more)",...poilage  ![](_page_7_Picture_2.jpeg)  - Storio a rheoli tymheredd. - Hylendid a diogel...,1
Food-and-Nutrition,resources-for-new-gcse.md,7,MORFOLOGIK_RULE_EN_GB,misspelling,rheoli,Possible spelling mistake found.,"Sheol, RHEL",...![](_page_7_Picture_2.jpeg)  - Storio a rheoli tymheredd. - Hylendid a diogelwch. - Ca...,1
Food-and-Nutrition,resources-for-new-gcse.md,7,MORFOLOGIK_RULE_EN_GB,misspelling,tymheredd,Possible spelling mistake found.,"tempered, tethered, timbered (+2 more)",...ge_7_Picture_2.jpeg)  - Storio a rheoli tymheredd. - Hylendid a diogelwch. - Cadwoli. - G...,1
Food-and-Nutrition,resources-for-new-gcse.md,7,MORFOLOGIK_RULE_EN_GB,misspelling,Hylendid,Possible spelling mistake found.,"Splendid, Hyenoid",...2.jpeg)  - Storio a rheoli tymheredd. - Hylendid a diogelwch. - Cadwoli. - Gwenwyn bwyd....,1
Food-and-Nutrition,resources-for-new-gcse.md,7,MORFOLOGIK_RULE_EN_GB,misspelling,diogelwch,Possible spelling mistake found.,"Diogenic, dirgelike",...Storio a rheoli tymheredd. - Hylendid a diogelwch. - Cadwoli. - Gwenwyn bwyd.  Adnoddau C...,1
Food-and-Nutrition,resources-for-new-gcse.md,7,MORFOLOGIK_RULE_EN_GB,misspelling,Cadwoli,Possible spelling mistake found.,Cannoli,...li tymheredd. - Hylendid a diogelwch. - Cadwoli. - Gwenwyn bwyd.  Adnoddau CBAC/WJEC Re...,1
Food-and-Nutrition,resources-for-new-gcse.md,7,MORFOLOGIK_RULE_EN_GB,misspelling,Gwenwyn,Possible spelling mistake found.,"Twenty, Glenn, Gwen (+14 more)",...d. - Hylendid a diogelwch. - Cadwoli. - Gwenwyn bwyd.  Adnoddau CBAC/WJEC Resources  [h...,1
Food-and-Nutrition,resources-for-new-gcse.md,8,MORFOLOGIK_RULE_EN_GB,misspelling,Tarddiad,Possible spelling mistake found.,"Cardiac, Parodied, Triad (+9 more)",...to fork  ![](_page_8_Picture_2.jpeg)  - Tarddiad bwyd. - Bwyd a'r amgylchedd. - Prosesu ...,1
Food-and-Nutrition,resources-for-new-gcse.md,8,MORFOLOGIK_RULE_EN_GB,misspelling,amgylchedd,Possible spelling mistake found.,,...re_2.jpeg)  - Tarddiad bwyd. - Bwyd a'r amgylchedd. - Prosesu bwyd cynradd ac eilaidd.  - ...,1
Food-and-Nutrition,resources-for-new-gcse.md,8,MORFOLOGIK_RULE_EN_GB,misspelling,Prosesu,Possible spelling mistake found.,"Proses, Pros esu",...Tarddiad bwyd. - Bwyd a'r amgylchedd. - Prosesu bwyd cynradd ac eilaidd.  - Food origin...,1
Food-and-Nutrition,resources-for-new-gcse.md,8,MORFOLOGIK_RULE_EN_GB,misspelling,cynradd,Possible spelling mistake found.,Conrad,.... - Bwyd a'r amgylchedd. - Prosesu bwyd cynradd ac eilaidd.  - Food origin. - Food and ...,1
Food-and-Nutrition,resources-for-new-gcse.md,8,MORFOLOGIK_RULE_EN_GB,misspelling,eilaidd,Possible spelling mistake found.,"laid, Elaine, inlaid (+30 more)",...r amgylchedd. - Prosesu bwyd cynradd ac eilaidd.  - Food origin. - Food and the environ...,1
Food-and-Nutrition,resources-for-new-gcse.md,9,MORFOLOGIK_RULE_EN_GB,misspelling,Ymchwiliad,Possible spelling mistake found.,Chiliad,...-------------------------  ## Uned 2 Yr Ymchwiliad Bwyd/Unit 2 The Food Investigation  ![]...,1
Food-and-Nutrition,resources-for-new-gcse.md,9,MORFOLOGIK_RULE_EN_GB,misspelling,Gwyddor,Possible spelling mistake found.,"Fyodor, Gwalior, Wedder (+2 more)",...igation  ![](_page_9_Picture_2.jpeg)  - Gwyddor bwyd. - Cynllunio arbrofion gwyddor bwy...,5
Food-and-Nutrition,resources-for-new-gcse.md,9,MORFOLOGIK_RULE_EN_GB,misspelling,Cynllunio,Possible spelling mistake found.,,...ge_9_Picture_2.jpeg)  - Gwyddor bwyd. - Cynllunio arbrofion gwyddor bwyd. - Gwyddor bwyd ...,1
Food-and-Nutrition,resources-for-new-gcse.md,9,MORFOLOGIK_RULE_EN_GB,misspelling,arbrofion,Possible spelling mistake found.,"abortion, abrasion, acromion (+1 more)",...re_2.jpeg)  - Gwyddor bwyd. - Cynllunio arbrofion gwyddor bwyd. - Gwyddor bwyd ar waith. ...,1
Food-and-Nutrition,resources-for-new-gcse.md,9,MORFOLOGIK_RULE_EN_GB,misspelling,gwyddor,Possible spelling mistake found.,"Fyodor, Gwalior, wedder (+2 more)",...  - Gwyddor bwyd. - Cynllunio arbrofion gwyddor bwyd. - Gwyddor bwyd ar waith.  - The s...,1
Food-and-Nutrition,resources-for-new-gcse.md,9,MORFOLOGIK_RULE_EN_GB,misspelling,waith,Possible spelling mistake found.,"with, wait, faith (+5 more)",...brofion gwyddor bwyd. - Gwyddor bwyd ar waith.  - The science of food. - Planning foo...,2
Food-and-Nutrition,resources-for-new-gcse.md,9,MORFOLOGIK_RULE_EN_GB,misspelling,oed,Possible spelling mistake found.,"OED, led, old (+1555 more)",...ut may be useful  [Gwyddor bwyd \(14-16 oed\) –](https://www.foodafactoflife.org.uk...,3
Food-and-Nutrition,resources-for-new-gcse.md,10,MORFOLOGIK_RULE_EN_GB,misspelling,Ffactorau,Possible spelling mistake found.,"Factor, Factors, Factory (+4 more)",...action  ![](_page_10_Picture_2.jpeg)  - Ffactorau sy'n effeithio ar ddewisiadau bwyd. - T...,1
Food-and-Nutrition,resources-for-new-gcse.md,10,MORFOLOGIK_RULE_EN_GB,misspelling,effeithio,Possible spelling mistake found.,,...ge_10_Picture_2.jpeg)  - Ffactorau sy'n effeithio ar ddewisiadau bwyd. - Technegau cynllu...,1
Food-and-Nutrition,resources-for-new-gcse.md,10,MORFOLOGIK_RULE_EN_GB,misspelling,ddewisiadau,Possible spelling mistake found.,,"..._2.jpeg)  - Ffactorau sy'n effeithio ar ddewisiadau bwyd. - Technegau cynllunio, paratoi a ...",1
Food-and-Nutrition,resources-for-new-gcse.md,10,MORFOLOGIK_RULE_EN_GB,misspelling,Technegau,Possible spelling mistake found.,"Technical, Technetium, Tokelau","...u sy'n effeithio ar ddewisiadau bwyd. - Technegau cynllunio, paratoi a choginio bwyd - Co...",1
Food-and-Nutrition,resources-for-new-gcse.md,10,MORFOLOGIK_RULE_EN_GB,misspelling,cynllunio,Possible spelling mistake found.,,"...eithio ar ddewisiadau bwyd. - Technegau cynllunio, paratoi a choginio bwyd - Coginio ar g...",1
Food-and-Nutrition,resources-for-new-gcse.md,10,MORFOLOGIK_RULE_EN_GB,misspelling,paratoi,Possible spelling mistake found.,"paradox, Marathi, paranoia (+9 more)","...dewisiadau bwyd. - Technegau cynllunio, paratoi a choginio bwyd - Coginio ar gyfer cynu...",1
Food-and-Nutrition,resources-for-new-gcse.md,10,MORFOLOGIK_RULE_EN_GB,misspelling,choginio,Possible spelling mistake found.,"Chopin, choking, hominid (+15 more)","... bwyd. - Technegau cynllunio, paratoi a choginio bwyd - Coginio ar gyfer cynulleidfa a p...",1
Food-and-Nutrition,resources-for-new-gcse.md,10,MORFOLOGIK_RULE_EN_GB,misspelling,cynulleidfa,Possible spelling mistake found.,,...atoi a choginio bwyd - Coginio ar gyfer cynulleidfa a phwrpas.  - Factors affecting food ch...,1
Food-and-Nutrition,resources-for-new-gcse.md,10,MORFOLOGIK_RULE_EN_GB,misspelling,phwrpas,Possible spelling mistake found.,"Sherpas, fraps",...o bwyd - Coginio ar gyfer cynulleidfa a phwrpas.  - Factors affecting food choices. - F...,1
Food-and-Nutrition,resources-for-new-gcse.md,10,MORFOLOGIK_RULE_EN_GB,misspelling,Ryseitiau,Possible spelling mistake found.,,...sis-14-16-years/) 'Food A Fact of Life' Ryseitiau – ['Food A Fact Of Life'](https://www.f...,1
Food-and-Nutrition,resources-for-new-gcse.md,10,MORFOLOGIK_RULE_EN_GB,misspelling,Fideos,Possible spelling mistake found.,"Videos, Fides",...//www.foodafactoflife.org.uk/recipes/) [Fideos coginio \(14-16 Years\) –](https://www....,1
Food-and-Nutrition,resources-for-new-gcse.md,11,MORFOLOGIK_RULE_EN_GB,misspelling,Canllawiau,Possible spelling mistake found.,Callaway,...------  ![](_page_11_Picture_1.jpeg)  # Canllawiau Addysgu Guidance for Teaching  # SAM/DA...,1
Food-and-Nutrition,resources-for-new-gcse.md,11,MORFOLOGIK_RULE_EN_GB,misspelling,Addysgu,Possible spelling mistake found.,Addyson,...(_page_11_Picture_1.jpeg)  # Canllawiau Addysgu Guidance for Teaching  # SAM/DAE  [GCSE...,1
Food-and-Nutrition,techniques-summary.md,1,MORFOLOGIK_RULE_EN_GB,misspelling,Barbeque,Possible spelling mistake found.,Barbecue,...       |                            | | Barbeque chicken wings | Applying ready-made sau...,1
Food-and-Nutrition,techniques-summary.md,3,MORFOLOGIK_RULE_EN_GB,misspelling,gratinated,Possible spelling mistake found.,"gravitated, patinated",...    | |                      | and well gratinated                                        ...,3
Food-and-Nutrition,techniques-summary.md,4,MORFOLOGIK_RULE_EN_GB,misspelling,Panéing,Possible spelling mistake found.,"Panning, Panting",...le shape (if needed) Making breadcrumbs Panéing Shallow/deep fat frying | Blending * Be...,3
Food-and-Nutrition,techniques-summary.md,4,MORFOLOGIK_RULE_EN_GB,misspelling,goujons,Possible spelling mistake found.,"coupons, goons, gorgons (+3 more)",...Deep fat Frying *** | | Breaded chicken goujons/escalope (breast) | (assuming pre-prepa...,2
Food-and-Nutrition,techniques-summary.md,5,MORFOLOGIK_RULE_EN_GB,misspelling,griddled,Possible spelling mistake found.,"riddled, griddle, gridded (+2 more)",...ghing ** | Dicing ** | Griddling ** | | griddled chicken)   | dicing salad ingredients. ...,1
Food-and-Nutrition,techniques-summary.md,5,MORFOLOGIK_RULE_EN_GB,misspelling,caesar,Possible spelling mistake found.,"Caesar, Cesar, Caesars (+25 more)",...     | De-boning *** | Emulsifying *** (caesar | |                     | Making crouto...,1
Food-and-Nutrition,techniques-summary.md,9,MORFOLOGIK_RULE_EN_GB,misspelling,chasseur,Possible spelling mistake found.,"chaser, masseur, kaiser (+7 more)",...----------------------------| | Chicken chasseur | Chicken (could also make a stock usin...,1
Food-and-Nutrition,techniques-summary.md,9,MORFOLOGIK_RULE_EN_GB,misspelling,mein,Possible spelling mistake found.,"main, men, mean (+15 more)",...Boiling * Reduction ** | | Chicken chow mein | (assuming ready-made sauce and pre-pr...,1
Food-and-Nutrition,techniques-summary.md,12,MORFOLOGIK_RULE_EN_GB,misspelling,Daking,Possible spelling mistake found.,"Making, Taking, Dating (+8 more)",...ng *            | Dicing **           | Daking                     | |                ...,1
Food-and-Nutrition,techniques-summary.md,12,MORFOLOGIK_RULE_EN_GB,misspelling,Fibilig,Possible spelling mistake found.,"Failing, Firing, Filling (+38 more)","...         | vegetables, crushing       | Fibilig              |                     |   ...",1
Food-and-Nutrition,techniques-summary.md,14,MORFOLOGIK_RULE_EN_GB,misspelling,papillote,Possible spelling mistake found.,"papillate, papillose",...n for roux*** | | Welsh trout cooked en papillote | gratinated Flesh has been removed cle...,1
Food-and-Nutrition,techniques-summary.md,21,MORFOLOGIK_RULE_EN_GB,misspelling,Bakewell,Possible spelling mistake found.,Bake well,...------------------------------------| | Bakewell tart (raspberry) | Correct viscosity Sh...,1
Food-and-Nutrition,techniques-summary.md,24,MORFOLOGIK_RULE_EN_GB,misspelling,squidgy,Possible spelling mistake found.,"squid, squids, squishy (+5 more)",...     | |                         | have squidgy texture      |                    |    ...,1
Food-and-Nutrition,techniques-summary.md,28,MORFOLOGIK_RULE_EN_GB,misspelling,choux,Possible spelling mistake found.,Chou,...ghing **              | Boiling *  | | (choux pastry)       | mix come to a rolling  ...,3
Food-and-Nutrition,unit-2---work-smarter-not-harder.md,4,MORFOLOGIK_RULE_EN_GB,misspelling,wjec-gcse-food-and-nutrition,Possible spelling mistake found.,"AJEC-gcse-food-and-nutrition, wjec-GCSE-food-and-nutrition",... adapted?  ![](_page_4_Figure_5.jpeg)  [wjec-gcse-food-and-nutrition](https://www.wjec.co.uk/media/kz4d5q2l/...,1
Food-and-Nutrition,unit-2---work-smarter-not-harder.md,8,MORFOLOGIK_RULE_EN_GB,misspelling,Munsell,Possible spelling mistake found.,"Russell, Mussel, Mussels (+11 more)",...hat can you use?.....**  Star diagrams  Munsell charts  Photographic evidence  Viscosit...,3
Food-and-Nutrition,unit-2---work-smarter-not-harder.md,9,MORFOLOGIK_RULE_EN_GB,misspelling,MUNSELL,Possible spelling mistake found.,"RUSSELL, MUSSEL, MUSSELS (+11 more)",...-----------------------------------  ## MUNSELL CHARTS… GO TO YOUR LOCAL DIY STORE  ![]...,1
Food-and-Nutrition,unit-2---work-smarter-not-harder.md,11,MORFOLOGIK_RULE_EN_GB,misspelling,softwear,Possible spelling mistake found.,soft wear,"...ks well, or wrap text, depending on the softwear you have in school. How would you label...",1
Food-and-Nutrition,unit-2---work-smarter-not-harder.md,12,MORFOLOGIK_RULE_EN_GB,misspelling,classbooks,Possible spelling mistake found.,class books,...om wall or make a sheet to put in their classbooks to complete every time they cook.  {13}...,1
Food-and-Nutrition,unit-2---work-smarter-not-harder.md,13,MORFOLOGIK_RULE_EN_GB,misspelling,wnload,Possible spelling mistake found.,unload,...face/blobstorage/download?nodeId=5384) [wnload?nodeId=5384](https://www.wjec.co.uk/umb...,1
Food-and-Nutrition,unit-2---work-smarter-not-harder.md,13,MORFOLOGIK_RULE_EN_GB,misspelling,nodeId,Possible spelling mistake found.,node Id,...obstorage/download?nodeId=5384) [wnload?nodeId=5384](https://www.wjec.co.uk/umbraco/su...,1
Food-and-Nutrition,unit-3---presenting-food-outcomes.md,5,MORFOLOGIK_RULE_EN_GB,misspelling,dem,Possible spelling mistake found.,"them, DEM, Dem (+1590 more)",...e is chef who can spare an hour to do a dem with your Year 10? Many learners may ha...,2
Food-and-Nutrition,unit-3---presenting-food-outcomes.md,9,MORFOLOGIK_RULE_EN_GB,misspelling,custardbased,Possible spelling mistake found.,custard based,"...ous, an aubergine and tomato bake and a custardbased dish. All soft textures and of a simila...",1
Food-and-Nutrition,unit-3---upskilling.md,2,MORFOLOGIK_RULE_EN_GB,misspelling,Tas,Possible spelling mistake found.,"Ta's, Ta, TAS (+2095 more)",...----------------------  ## TGAU GCSE  | Tas | k 3                                  ...,1
Food-and-Nutrition,unit-3---upskilling.md,8,MORFOLOGIK_RULE_EN_GB,misspelling,complexO,Possible spelling mistake found.,"complex, complex O",... videos to help.  Boning a chicken is a complexO knife technique \*\*\*  For top band ca...,1
Food-and-Nutrition,unit-3---upskilling.md,8,MORFOLOGIK_RULE_EN_GB,misspelling,wjec,Possible spelling mistake found.,"AJEC, WAEC, WEC",...e WJEC Educational Resources** Website  wjec cbac  English | | Cymraeg  Resource  ![...,1
Food-and-Nutrition,unit-3---upskilling.md,8,MORFOLOGIK_RULE_EN_GB,misspelling,cbac,Possible spelling mistake found.,"CBC, CBA, CAC (+7 more)",...C Educational Resources** Website  wjec cbac  English | | Cymraeg  Resource  ![](_pa...,1
Food-and-Nutrition,unit-3---upskilling.md,8,MORFOLOGIK_RULE_EN_GB,misspelling,Culham,Possible spelling mistake found.,Fulham,...16 Authors: - Ruth McIntyre - Stephanie Culham  % Related Resources  ![](_page_8_Pictu...,1
Food-and-Nutrition,unit-3---upskilling.md,8,MORFOLOGIK_RULE_EN_GB,misspelling,chicker,Possible spelling mistake found.,"kicker, chicken, kicked (+9 more)",... a fish  Slicing raw meat  Portioning a chicker  The bridge cut Claw grip  Peeling  Dic...,1
Food-and-Nutrition,unit-3---upskilling.md,8,MORFOLOGIK_RULE_EN_GB,misspelling,Iulienne,Possible spelling mistake found.,Julienne,...e bridge cut Claw grip  Peeling  Dicing Iulienne  {9}-----------------------------------...,1
Food-and-Nutrition,wjec-gcse-food-and-nutrition-specification.md,4,MORFOLOGIK_RULE_EN_GB,misspelling,JECT,Possible spelling mistake found.,"JET, SECT, EJECT (+7 more)",...          | 9  | | 2   | SUB          | JECT CONTENT                                ...,1
Food-and-Nutrition,wjec-gcse-food-and-nutrition-specification.md,4,MORFOLOGIK_RULE_EN_GB,misspelling,ortunities,Possible spelling mistake found.,"fortuities, obtusities, orotundities (+1 more)",...          | 22 | |     | Орр          | ortunities for integration of learning experiences...,1
Food-and-Nutrition,wjec-gcse-food-and-nutrition-specification.md,4,MORFOLOGIK_RULE_EN_GB,misspelling,ESSMENT,Possible spelling mistake found.,"ELEMENT, ASSENT, ESSEN (+3 more)",...          | 26 | | 3   | ASS          | ESSMENT                                        ...,1
Food-and-Nutrition,wjec-gcse-food-and-nutrition-specification.md,4,MORFOLOGIK_RULE_EN_GB,misspelling,HNICAL,Possible spelling mistake found.,"ANIMAL, CONICAL, APICAL (+15 more)",...          | 29 | | 5   | TEC          | HNICAL INFORMATION                            ...,1
Food-and-Nutrition,wjec-gcse-food-and-nutrition-specification.md,4,MORFOLOGIK_RULE_EN_GB,misspelling,pendi,Possible spelling mistake found.,"Wendi, pends, pend","...                         | 30 | | App | pendi        | x A – Preparation, knife and c...",1
Food-and-Nutrition,wjec-gcse-food-and-nutrition-specification.md,16,MORFOLOGIK_RULE_EN_GB,misspelling,E-coli,Possible spelling mistake found.,"EcoRI, Ecole, Emboli (+1 more)","...a, including Campylobacter, Salmonella, E-coli, Staphylococcus Norovirus and Listeria<...",1
